Biceps,Triceps,Chest,Back,Legs,Abs,Interval Training
Standing Barbell Curl,Close Hands Pushup,Dumbbell Pullover,Barbell Deadlift,Leg Press,Crunches,Push Ups
Concentration Curl,Standing Dumbbell Overhead Tricep Extension,Push-Up,Bent-Over Barbell Deadlift,Step-Up,Reverse Crunches,Jump Squats
Standing Dumbbell Curl,Dumbbell Lying Triceps Extension,Pec-Deck Flye,Wide-Grip Pull-Up,Pistol Squat,Flutter Kicks,Pull Ups
Standing Hammer Curl,Dips,Decline Bench Press,Standing T-Bar Row,Glute-Ham Raise,Sitting Twists,Sit ups
Incline Dumbbell Curl,Close-Grip Bench Press,Cable Crossover,Wide-Grip Seated Cable Row,WalkingLunge,Cross Crunches,Jumping Jacks
Zottman Curl,Rolling EZ-Bar Triceps Extensions,Dumbbell Bench Press,Reverse-Grip Smith Machine Row,Bulgarian Splut Squat,Knee To Elbow,Tricep Dips
Cable Rope Hammer Curl,Kettlebell Floor Press,Incline Dumbbell Flye,Close-Grip Pull-Down,Hack Squat,Plank Crunches,Lunges
Cable Flex Curl,Rope Triceps Pressdown,Incline Bench Press,Single-Arm Dumbbell Row,Romanian Deadlift,Plank Rolls,Dumbbell Curls
EZ-Bar Preacher Curl,Lying Triceps Extension,Reverse-Grip Bench Press,Decline Bench Dumbbell Pull-Over,Front Squat,Knee Crunches,Plank
Wide Grip Barbell Curl,Tricep Kickbacks,Bench Press,Kettlebell Swings,Barbell Squat,Bicycle Crunches,Burpees